NODE_ID,NODE_TYPE,NODE_NAME,TURN_P,REMARK,x,y
"4050111500","101",도련이동2868-1,"0",,126.592,33.514
"4050111600","101",도련이동2868-1,"0",,126.592,33.514
"4050111700","102",도련이동702-2,"0",,126.593,33.514
"4050111800","101",도련이동645-12,"0",,126.592,33.515
"4050111900","101",도련이동2868-1,"0",,126.592,33.515
"4050112000","101",도련이동2868-1,"0",,126.591,33.515
"4050112100","101",도련이동2868-1,"0",,126.592,33.515
"4050112200","101",회천동2557-6,"0",,126.601,33.506
"4050112300","101",삼양일동1668-1,"0",,126.594,33.529
"4050112400","101",삼양일동1018-3,"0",,126.594,33.530
"4050112500","102",삼양일동900,"0",,126.593,33.532
"4050112600","102",삼양일동2681-23,"0",,126.603,33.532
"4050168500","101",고성리938,"0",,126.420,33.434
"4050168600","101",고성리902-6,"1",,126.422,33.435
"4050168700","103",속성변화점,"0",,126.422,33.434
"4050168800","101",광령3교차로,"1",,126.424,33.462
"4050168900","101",고성리914-6,"0",,126.424,33.437
"4050169000","104",고성리914-6,"0",,126.424,33.437
"4050169100","104",고성리914-6,"0",,126.424,33.437
"4050169200","101",광령회전교차로,"0",,126.424,33.459
"4050169300","101",고성리919-1,"0",,126.424,33.436
"4050169400","104",광삼교서측,"0",,126.424,33.473
"4050169500","104",광삼교동측,"0",,126.425,33.473
"4050169600","101",고성리151,"0",,126.426,33.438
"4050169700","103",속성변화점,"0",,126.427,33.438
"4050169800","104",제2고성교남측,"0",,126.427,33.439
"4050169900","104",제2고성교북측,"0",,126.427,33.439
"4050170000","101",광령리2854-3,"1",,126.428,33.440
"4050170100","101",광령2리사무소,"0",,126.429,33.450
"4050170200","101",광령4교차로,"1",,126.430,33.441
"4050170300","103",속성변화점,"0",,126.430,33.447
"4050170400","101",그림책방앞,"0",,126.430,33.446
"4050170500","102",원불교국제훈련원,"0",,126.430,33.428
"4050170600","101",광령리2289-2,"0",,126.431,33.459
"4050170700","101",광령4교차로,"0",,126.432,33.444
"4050170800","104",제6광령교남측,"0",,126.432,33.443
"4050170900","104",제6광령교북측,"0",,126.432,33.444
"4050171000","101",광령4교차로,"0",,126.432,33.443
"4050171100","101",광령4교차로,"1",,126.433,33.445
"4050171200","103",속성변화점,"0",,126.434,33.460
"4050000400","104",제2광령교,"0",,126.450,33.414
"4050000500","101",어승생삼거리,"0",,126.481,33.415
"4050000501","101",어승생삼거리,"0",,126.480,33.415
"4050000502","101",해안동산63-30,"1",,126.479,33.412
"4050000503","101",노형동산17-3,"0",,126.490,33.418
"4050000600","101",교래입구교차로,"0",,126.617,33.419
"4050000601","101",봉개동산78-1,"1",,126.622,33.422
"4050000602","101",봉개동산78-1,"0",,126.623,33.423
"4050000604","101",용강동산14-4,"1",,126.601,33.428
"4050000605","101",용강동산14-3,"1",,126.598,33.429
"4050000800","101",오라이동산89-1,"0",,126.518,33.419
"4050000801","101",연동산146-6,"0",,126.500,33.424
"4050000900","101",노루생이,"0",,126.491,33.419
"4050001000","101",오라이동산100-1,"0",,126.526,33.423
"4050002600","101",제주대사거리,"1",,126.551,33.456
"4050002701","104",광령교서측,"0",,126.448,33.461
"4050002702","101",광령교동측,"1",,126.448,33.461
"4050002703","101",해안동2390-3,"0",,126.450,33.462
"4050002900","101",해안마을,"1",,126.452,33.463
"4050002901","101",제1해안교,"0",,126.454,33.463
"4050002902","101",해안교차로,"0",,126.456,33.466
"4050003100","101",온난화농업연구센터앞교차로,"0",,126.518,33.467
"4050003101","101",온난화농업연구센터앞,"0",,126.519,33.467
"4050003102","104",오봉교,"0",,126.527,33.475
"4050003300","101",교도소입구,"1",,126.514,33.467
"4050003301","104",한북교서측,"0",,126.516,33.467
"4050003302","104",한북교동측,"0",,126.517,33.467
"4050003400","101",아라파출소,"1",,126.547,33.469
"4050003401","101",달무교차로,"1",,126.549,33.464
"4050003500","101",한라수목원입구교차로,"1",,126.485,33.470
"4050003501","101",노형동3764,"0",,126.487,33.469
"4050003600","101",인다마을입구,"1",,126.545,33.471
"4050003700","101",아라LH아파트,"1",,126.546,33.473
"4050003701","101",아라일동6174,"1",,126.546,33.474
"4050003800","101",월산마을,"1",,126.463,33.473
"4050003801","104",도병교,"0",,126.461,33.470
"4050003802","101",GS주유소서부관광,"1",,126.460,33.469
"4050003901","101",버으내교차로,"1",,126.625,33.480
"4050004000","101",아라초등학교,"1",,126.544,33.477
"4050004001","103",속성변화점,"0",,126.545,33.475
"4050004002","101",워시테리아제주아라점,"1",,126.547,33.477
"4050004003","101",S퀼트,"0",,126.550,33.478
"4050163000","104",봉천2교,"0",,126.400,33.481
"4050163100","101",알뜰주유소,"0",,126.400,33.480
"4050163200","101",유수암리3253,"0",,126.400,33.431
"4050163300","103",속성변화점,"0",,126.401,33.482
"4050163400","101",예원교차로,"1",,126.401,33.456
"4050163500","101",도정공장,"0",,126.402,33.443
"4050163600","101",유수암식당,"0",,126.402,33.443
"4050163700","101",유수암식당,"0",,126.402,33.442
"4050163800","101",유수암리3234,"0",,126.403,33.440
"4050163900","101",유수암리1853-3,"0",,126.403,33.440
"4050164000","101",미수2교,"0",,126.404,33.483
"4050164100","101",유수암리3244,"1",,126.405,33.418
"4050164200","101",하귀우체국,"0",,126.405,33.482
"4050164300","104",미수2교서측,"0",,126.405,33.484
"4050164400","104",미수2교동측,"0",,126.405,33.484
"4050164500","101",유수암리1069-1,"1",,126.406,33.419
"4050164600","104",미수교서측,"0",,126.406,33.482
"4050164700","104",유수암교,"0",,126.406,33.449
"4050164800","104",유수암교,"0",,126.406,33.450
"4050164900","104",미수교동측,"0",,126.406,33.482
"4050165000","101",유수암리3244,"0",,126.407,33.421
"4050165100","101",유수암교차로,"0",,126.408,33.423
"4050165200","101",상귀리354-1,"0",,126.408,33.478
"4050165300","101",유수암리1016-1,"1",,126.409,33.424
"4050165400","102",광성로5,"0",,126.408,33.457
"4050165500","101",유수암리3237,"0",,126.409,33.423
"4050165600","101",유수암리1023-1,"1",,126.409,33.424
"4050165700","101",상귀교차로,"1",,126.409,33.473
"4050001100","101",노루생이삼거리,"0",,126.493,33.423
"4050001101","101",노형동산14-3,"1",,126.490,33.427
"4050001102","101",연동산100-1,"1",,126.490,33.435
"4050001400","101",명도암입구교차로,"0",,126.639,33.427
"4050001500","101",아라일동산52-11,"0",,126.557,33.426
"4050001700","102",오라이동산100,"0",,126.527,33.428
"4050001800","101",아라일동산53-1,"1",,126.559,33.430
"4050001900","101",아라일동산46-1,"0",,126.557,33.433
"4050002000","101",뜨래별타운하우스,"0",,126.555,33.437
"4050002200","101",첨단과학기술단지입구교차로,"0",,126.573,33.439
"4050002201","101",아라일동4-39,"0",,126.559,33.446
"4050002202","101",영평동2273,"0",,126.571,33.449
"4050002203","101",영평동2273,"0",,126.572,33.444
"4050002204","101",영평동2273,"1",,126.572,33.455
"4050002205","101",제주국제자유도시개발센터,"0",,126.571,33.453
"4050002206","101",영평동2273,"1",,126.571,33.452
"4050002207","101",카카오본사,"1",,126.571,33.450
"4050002300","101",아라일동산38-1,"1",,126.555,33.441
"4050002301","101",아라일동산31-1,"1",,126.557,33.444
"4050002400","101",산록도로입구교차로,"0",,126.557,33.446
"4050002401","101",산과교,"0",,126.556,33.448
"4050002402","103",속성변화점,"0",,126.554,33.449
"4050002403","104",관음교,"0",,126.558,33.446
"4050002404","101",아라일동397-2,"1",,126.553,33.450
"4050002500","101",축산마을삼거리,"0",,126.489,33.447
"4050002501","101",진흥원삼거리,"0",,126.489,33.445
"4050002502","101",제주시서부공설묘지,"1",,126.487,33.454
"4050004006","101",신성여자중학교,"0",,126.562,33.478
"4050004007","103",속성변화점,"0",,126.566,33.478
"4050004008","101",영평1교,"0",,126.568,33.477
"4050004009","101",영평동2796,"1",,126.556,33.486
"4050004010","101",영평동2796,"1",,126.559,33.483
"4050004011","101",영평동2444-1,"0",,126.564,33.479
"4050004012","101",영평동2796,"0",,126.562,33.479
"4050004013","101",아라이동941-2,"0",,126.553,33.478
"4050004014","101",영평동2445-14,"0",,126.563,33.479
"4050004015","101",영평동2796,"0",,126.568,33.477
"4050004100","101",제주일고앞교차로,"1",,126.483,33.476
"4050004101","101",제주고등학교,"0",,126.484,33.473
"4050004200","101",아라초등학교앞교차로,"1",,126.544,33.478
"4050004201","101",제2아라교,"0",,126.543,33.478
"4050004202","101",아라일동2255-3,"1",,126.540,33.478
"4050004203","101",한라에너지한라충전소,"0",,126.538,33.478
"4050004204","101",오장교,"1",,126.532,33.476
"4050004205","104",오장교,"0",,126.532,33.475
"4050004300","101",월산정수장입구,"1",,126.468,33.478
"4050004400","101",노형근린공원,"1",,126.482,33.479
"4050004500","101",한라대학입구교차로,"1",,126.472,33.481
"4050004600","101",KEB하나은행신제주지점,"1",,126.482,33.481
"4050004700","101",노형119안전센터,"1",,126.473,33.481
"4050004800","101",정실입구교차로,"1",,126.497,33.482
"4050004900","101",노형꿈틀작은도서관,"1",,126.474,33.482
"4050004901","101",노형동1432-1,"0",,126.475,33.483
"4050005000","101",제주우편집중국앞교차로,"1",,126.481,33.482
"4050005001","101",산업은행제주지점,"1",,126.481,33.483
"4050005002","101",제주우편집중국앞교차로,"1",,126.480,33.482
"4050005100","101",노형꿈틀작은도서관,"1",,126.475,33.483
"4050005200","101",신제주초등학교입구교차로,"1",,126.496,33.484
"4050005300","101",나눔놀이방,"1",,126.476,33.483
"4050005400","101",해즈빈,"1",,126.481,33.484
"4050005401","101",노형동948,"1",,126.480,33.485
"4050005500","101",노형초교앞삼거리,"1",,126.476,33.484
"4050005600","101",명도암교차로,"1",,126.604,33.486
"4050005601","101",봉개동2736,"1",,126.600,33.488
"4050005602","101",봉개교차로,"1",,126.598,33.488
"4050005700","101",노형초교유치원,"1",,126.477,33.485
"4050005800","101",제주여중고입구교차로,"1",,126.543,33.485
"4050005801","101",아라교,"1",,126.543,33.484
"4050005900","101",루시토피아,"1",,126.478,33.485
"4050006000","101",주제주일본국총영사관,"1",,126.480,33.485
"4050006100","101",제주일본국총영사관,"1",,126.478,33.485
"4050006200","101",연동사거리,"0",,126.496,33.486
"4050006300","101",노형오거리,"1",,126.480,33.486
"4050006400","101",노형오거리,"0",,126.480,33.486
"4050006500","101",중앙여고사거리,"1",,126.540,33.488
"4050006501","101",중앙여고교차로,"0",,126.540,33.488
"4050006600","101",메이플호텔,"1",,126.481,33.487
"4050006700","101",봉개교차로,"1",,126.598,33.489
"4050006701","103",속성변화점,"0",,126.604,33.495
"4050006702","103",속성변화점,"0",,126.596,33.490
"4050006703","101",봉개동1585-3,"1",,126.599,33.489
"4050006704","101",봉개동1585-3,"0",,126.599,33.490
"4050006705","101",봉개교차로,"1",,126.598,33.489
"4050006706","101",회천동1181-6,"0",,126.616,33.506
"4050006707","101",회천동2939-2,"0",,126.607,33.499
"4050006800","101",연동주민센터,"1",,126.497,33.488
"4050006900","101",한국씨티은행제주지점,"1",,126.483,33.488
"4050007000","101",남녕고앞교차로,"1",,126.484,33.488
"4050007001","101",노형동2487-6,"1",,126.485,33.489
"4050007100","101",제주중앙신협본점,"0",,126.539,33.489
"4050007101","101",이도이동2060,"0",,126.537,33.491
"4050007300","101",신제주로터리,"0",,126.497,33.490
"4050007400","101",세븐일레븐제주대기고점,"1",,126.593,33.491
"4050007500","101",롯데시티호텔,"1",,126.487,33.490
"4050007600","101",제주은행신제주지점,"1",,126.497,33.491
"4050007700","101",대기고교입구교차로,"1",,126.592,33.492
"4050007701","103",속성변화점,"0",,126.584,33.471
"4050007702","101",용강동1777,"0",,126.586,33.477
"4050007703","101",월평동968-4,"0",,126.573,33.470
"4050007704","101",용강동1483-4,"0",,126.586,33.479
"4050007705","101",봉개동2736,"0",,126.591,33.490
"4050007706","101",대기고앞교차로,"1",,126.591,33.492
"4050007707","101",대기고앞교차로,"1",,126.591,33.491
"4050007708","101",대기고앞교차로,"0",,126.591,33.491
"4050007800","101",제주감협,"1",,126.488,33.491
"4050007900","103",속성변화점,"0",,126.421,33.490
"4050007901","103",속성변화점,"0",,126.423,33.492
"4050008000","101",제주소방서앞교차로,"1",,126.536,33.492
"4050008001","101",제주소방서앞교차로,"1",,126.537,33.492
"4050008002","101",남광초등학교,"0",,126.539,33.493
"4050008100","101",삼해인관광호텔,"1",,126.489,33.492
"4050008200","101",제주미주호텔,"1",,126.497,33.492
"4050008300","101",제주지방법원,"0",,126.536,33.493
"4050008400","101",삼무공원입구교차로,"1",,126.490,33.492
"4050008500","101",외도서부교회,"0",,126.426,33.493
"4050008600","101",외도연대마을,"1",,126.428,33.493
"4050008700","101",마리나호텔사거리,"1",,126.497,33.494
"4050008800","101",마리나호텔사거리,"1",,126.496,33.494
"4050008900","101",반딧불이작은도서관,"1",,126.495,33.494
"4050009000","101",오일장앞교차로,"1",,126.479,33.494
"4050009001","103",속성변화점,"0",,126.481,33.494
"4050009002","101",연동2004-1,"1",,126.482,33.494
"4050009100","101",조양아파트,"1",,126.494,33.494
"4050009200","101",그린숲어린이집,"0",,126.431,33.493
"4050009201","101",그린숲어린이집,"1",,126.431,33.493
"4050009300","101",제성마을,"0",,126.485,33.494
"4050009301","101",알뜰주유소광동,"1",,126.484,33.494
"4050009400","101",오일장입구,"0",,126.477,33.494
"4050009500","101",신광사거리,"1",,126.492,33.494
"4050009600","101",도평마을,"1",,126.442,33.493
"4050009700","101",베네스빌,"1",,126.486,33.494
"4050009800","101",갤럭시연동빌,"1",,126.490,33.494
"4050009900","101",순복음제주도중앙교회,"1",,126.488,33.494
"4050010000","101",신성마을입구,"0",,126.489,33.494
"4050010100","101",GS25제주연문,"1",,126.476,33.494
"4050010200","101",내도동입구,"1",,126.445,33.494
"4050010300","101",이도광장교차로,"1",,126.534,33.495
"4050010400","101",도두동입구교차로,"0",,126.469,33.494
"4050010401","101",도두동입구삼거리,"0",,126.471,33.494
"4050010500","101",외도초교앞삼거리,"1",,126.434,33.494
"4050010501","104",외도교서측,"0",,126.436,33.494
"4050010502","104",외도교동측,"0",,126.437,33.494
"4050010503","101",S-Oil도농,"0",,126.438,33.494
"4050010504","101",외도이동251-1,"1",,126.436,33.494
"4050010600","101",도두삼거리,"0",,126.466,33.494
"4050010700","101",금천당,"1",,126.533,33.495
"4050010800","101",무량사,"0",,126.462,33.495
"4050010801","101",SK주유소삼화엔크린,"0",,126.463,33.495
"4050010802","101",이호이동778-3,"0",,126.460,33.495
"4050010900","101",현사마을,"0",,126.451,33.495
"4050011000","101",이호카센터,"0",,126.460,33.495
"4050011100","101",이호해수욕장입구,"1",,126.454,33.495
"4050011200","101",영도갤럭시타운,"1",,126.532,33.496
"4050011300","101",이도월드하우스,"1",,126.532,33.497
"4050011400","101",제주시농협광양지점,"1",,126.531,33.498
"4050011500","101",신제주입구교차로,"1",,126.497,33.497
"4050011501","101",신제주입구,"0",,126.498,33.498
"4050011502","101",우리아이카시트,"1",,126.495,33.497
"4050011600","101",제주시청종합민원실,"1",,126.530,33.500
"4050011700","101",GS주유소거북이,"0",,126.503,33.499
"4050011800","101",서사라사거리,"1",,126.520,33.500
"4050011801","101",삼도일동585-35,"1",,126.523,33.500
"4050011900","101",도남입구,"1",,126.525,33.500
"4050012000","101",한국병원앞,"1",,126.516,33.500
"4050012100","103",속성변화점,"0",,126.516,33.500
"4050012200","101",종합경기장입구교차로,"1",,126.513,33.500
"4050012201","104",동산교,"0",,126.512,33.500
"4050012202","101",현대자동차제주광양지점,"1",,126.514,33.500
"4050012300","101",CGV제주점,"1",,126.527,33.500
"4050012400","101",오라오거리,"1",,126.506,33.500
"4050012500","101",광양사거리,"1",,126.529,33.501
"4050012600","101",보훈회관,"0",,126.530,33.501
"4050012700","101",삼성의원사거리,"1",,126.532,33.502
"4050012800","101",문예회관앞교차로,"1",,126.536,33.504
"4050012801","101",동광양교,"0",,126.535,33.503
"4050012900","101",KAL사거리,"0",,126.526,33.505
"4050013000","101",와흘리2818,"0",,126.619,33.506
"4050013001","101",회천동3264,"0",,126.619,33.506
"4050013100","101",제주KAL호텔,"1",,126.526,33.506
"4050013300","101",거로사거리,"1",,126.556,33.507
"4050013302","103",속성변화점,"0",,126.560,33.505
"4050013303","101",거로교,"1",,126.562,33.505
"4050013400","101",인제사거리,"1",,126.540,33.507
"4050013500","101",CU제주시민점,"0",,126.524,33.508
"4050013501","101",이도일동1525-2,"1",,126.524,33.509
"4050013700","101",남문사거리,"0",,126.523,33.509
"4050013800","101",영락교회,"1",,126.543,33.510
"4050013900","101",국립박물관앞교차로,"1",,126.548,33.512
"4050014000","101",중앙로상점가골목시장,"1",,126.524,33.511
"4050014001","101",이도일동1932-42,"1",,126.525,33.512
"4050014100","101",국립제주박물관,"1",,126.549,33.512
"4050014200","101",제주대학교사라캠퍼스,"1",,126.554,33.513
"4050014201","104",별도교,"0",,126.554,33.514
"4050014300","101",중앙사거리,"0",,126.525,33.513
"4050014301","101",일도일동1492-1,"0",,126.525,33.515
"4050014400","101",거로마을입구,"1",,126.556,33.514
"4050014500","101",오현고앞교차로,"1",,126.558,33.516
"4050014600","101",화북초교삼거리,"1",,126.563,33.518
"4050014601","103",속성변화점,"0",,126.561,33.517
"4050014700","101",제주은총교회,"1",,126.564,33.519
"4050014701","101",화북일동5749,"0",,126.563,33.523
"4050014800","101",화북남문교차로,"1",,126.566,33.519
"4050014900","101",진동1로,"1",,126.569,33.519
"4050015000","101",동중입구,"1",,126.572,33.520
"4050015100","101",다이소제주화북점,"1",,126.573,33.520
"4050015200","101",삼양검문소앞교차로,"1",,126.598,33.521
"4050015400","101",삼양동사무소,"1",,126.585,33.521
"4050015500","101",제주시삼양2동2186-1,"1",,126.581,33.521
"4050015700","101",삼양검은모래해변입구교차로,"1",,126.587,33.521
"4050015701","101",도련동입구,"0",,126.588,33.522
"4050016000","101",노루생태관찰원,"0",,126.628,33.444
"4050016100","102",한화리조트제주,"0",,126.633,33.446
"4050016200","102",해안동22-2,"0",,126.481,33.446
"4050016300","101",태안교,"0",,126.482,33.446
"4050016400","101",노형동293-17,"0",,126.488,33.447
"4050016500","102",해안동50-5,"0",,126.473,33.447
"4050016600","101",산과교,"0",,126.556,33.448
"4050016700","101",생물자원산업화지원센터,"0",,126.559,33.448
"4050016800","102",오라CC,"0",,126.513,33.448
"4050016900","103",속성변화점,"0",,126.624,33.449
"4050016901","101",봉개동234-158,"0",,126.618,33.455
"4050017000","102",개소교,"0",,126.454,33.453
"4050017001","101",해안동2806,"0",,126.450,33.456
"4050017100","101",오등동43-2,"0",,126.545,33.457
"4050017200","102",월라교,"0",,126.578,33.457
"4050017201","101",월평동771-2,"0",,126.574,33.460
"4050017300","101",벚꽃거리,"0",,126.554,33.458
"4050017400","101",제주대학교아라캠퍼스,"1",,126.560,33.460
"4050017500","103",속성변화점,"0",,126.563,33.460
"4050017600","101",월평동761-1,"0",,126.572,33.460
"4050017700","103",속성변화점,"0",,126.564,33.461
"4050017800","102",대우특판,"0",,126.515,33.463
"4050017900","104",남학교,"0",,126.529,33.464
"4050018000","104",남학교,"0",,126.529,33.464
"4050018100","101",해안동804-4,"1",,126.464,33.465
"4050018200","101",제주교도소앞오거리,"0",,126.514,33.466
"4050018300","101",해안교동측,"0",,126.455,33.466
"4050018400","101",해안교서측,"0",,126.454,33.467
"4050018500","101",아라이동241-2,"0",,126.555,33.468
"4050018502","101",아라일동2995-19,"0",,126.552,33.474
"4050018503","101",아라일동6162,"0",,126.552,33.473
"4050018600","101",무수천제2교동측,"0",,126.446,33.468
"4050018800","102",한라수목원,"0",,126.491,33.470
"4050018900","101",신제주순복음교회,"0",,126.487,33.476
"4050018901","101",연동1546,"0",,126.489,33.476
"4050019000","101",한스델리제주노형점,"1",,126.479,33.476
"4050019100","101",중흥S클래스아파트,"1",,126.482,33.476
"4050019200","101",노형동765,"0",,126.481,33.476
"4050019400","101",제주한라대학교,"0",,126.477,33.477
"4050019401","101",노형동1509-1,"1",,126.474,33.479
"4050019500","101",아이뜰어린이집,"0",,126.487,33.477
"4050019501","101",연동1547,"0",,126.489,33.477
"4050019600","101",제주복음교회,"0",,126.481,33.478
"4050019700","101",제광제7교회,"0",,126.479,33.478
"4050019800","101",제주시립탐라도서관,"0",,126.478,33.478
"4050019900","101",제주감귤농협노연로지점,"0",,126.492,33.478
"4050020000","101",제주감귤농협노연로지점,"0",,126.491,33.478
"4050020100","101",코지하우스,"1",,126.492,33.479
"4050020200","101",한라초등학교,"0",,126.487,33.479
"4050020300","101",청한빌딩,"0",,126.490,33.479
"4050020301","101",연동1546,"0",,126.489,33.479
"4050020400","101",한화엘르빌아파트,"0",,126.485,33.479
"4050020500","101",제주풀잎문화센터,"0",,126.481,33.479
"4050020600","101",제주제일고등학교,"0",,126.480,33.479
"4050020700","101",우리아이어린이집,"0",,126.478,33.479
"4050020800","101",에코그린빌6차,"0",,126.458,33.479
"4050020900","101",한라유치원,"0",,126.491,33.479
"4050021000","101",도평교,"0",,126.452,33.480
"4050021100","101",도평입구교차로,"0",,126.466,33.480
"4050021200","101",흘천1교,"0",,126.493,33.480
"4050021300","102",꼬마천사어린이집,"0",,126.492,33.480
"4050021400","101",한라유치원,"0",,126.491,33.480
"4050021500","101",참고운어린이집,"0",,126.490,33.480
"4050021600","102",연화사,"0",,126.509,33.480
"4050021700","101",연북3교,"0",,126.525,33.481
"4050021800","101",도남동1253-2,"1",,126.519,33.481
"4050021801","101",도남동1052,"0",,126.520,33.487
"4050021900","104",연북2교동측,"0",,126.518,33.481
"4050022000","104",연북2교서측,"0",,126.517,33.481
"4050022100","101",연동1546,"0",,126.490,33.481
"4050022200","101",오라이동3828,"1",,126.516,33.481
"4050022201","101",오라이동957-6,"0",,126.518,33.487
"4050022300","101",해오름아파트,"0",,126.487,33.481
"4050022400","101",노형아이파크아파트,"0",,126.485,33.481
"4050022500","101",제주광평교회,"1",,126.472,33.481
"4050022501","101",노형동2598-5,"0",,126.471,33.481
"4050022600","101",제주우편집중국,"0",,126.481,33.481
"4050022700","101",우영팜,"0",,126.478,33.481
"4050022800","101",제주우편집중국,"0",,126.479,33.481
"4050022900","101",연화사,"1",,126.509,33.481
"4050022901","101",오라이동3827-6,"1",,126.501,33.482
"4050023000","101",GS주유소원남,"1",,126.530,33.481
"4050023001","101",도남동1070,"0",,126.529,33.489
"4050023002","101",도남동1287,"0",,126.530,33.487
"4050023003","101",아라일동2547-1,"1",,126.536,33.485
"4050023004","101",아라일동2489-3,"1",,126.537,33.485
"4050023100","101",도평휴스토리3차,"0",,126.446,33.482
"4050023200","101",노형지구대,"0",,126.472,33.482
"4050023300","101",신시가지입구교차로,"1",,126.495,33.482
"4050023400","101",한국건강관리협회제주지부,"1",,126.493,33.482
"4050023500","101",제주평화교회,"1",,126.463,33.482
"4050023501","101",이호이동1400,"0",,126.457,33.492
"4050023502","101",이호이동1033-1,"0",,126.459,33.489
"4050023503","101",이호이동1025-4,"0",,126.458,33.491
"4050023600","101",흘천3교남측,"1",,126.490,33.482
"4050023700","104",어시천교동측,"0",,126.445,33.482
"4050023800","101",흘천4교,"1",,126.487,33.482
"4050023900","101",흘천4교,"1",,126.487,33.482
"4050024000","101",추자도수산물직매장,"0",,126.471,33.482
"4050024100","101",KT&G제주지점,"1",,126.485,33.482
"4050024200","101",강정해녀의집,"1",,126.478,33.482
"4050029700","101",영보빌라,"0",,126.485,33.485
"4050024300","101",대한전문건설협회제주도회,"1",,126.483,33.482
"4050024400","101",제주우편집중국,"1",,126.479,33.482
"4050024500","102",수목아파트,"0",,126.500,33.482
"4050024600","104",어시천교서측,"0",,126.444,33.482
"4050024700","101",어시천교,"0",,126.444,33.482
"4050024800","101",세븐일레븐,"0",,126.473,33.482
"4050024900","102",그린아파트,"0",,126.497,33.482
"4050025000","101",씨티호텔,"1",,126.495,33.482
"4050025100","104",외도천교동측,"0",,126.442,33.482
"4050025200","101",한국건강관리협회제주지부,"0",,126.493,33.482
"4050025300","104",외도천교서측,"0",,126.442,33.482
"4050025301","101",외도일동2552-16,"0",,126.438,33.483
"4050025400","101",흘천3교북측,"1",,126.490,33.482
"4050025401","101",연동1549,"0",,126.489,33.482
"4050025500","104",흘천4교동측,"0",,126.487,33.483
"4050025600","101",흘천4교서측,"0",,126.487,33.483
"4050025700","101",추자도수산물직매장,"0",,126.472,33.483
"4050025800","101",노형꿈틀작은도서관,"0",,126.473,33.483
"4050025900","101",한국주택금융공사,"0",,126.485,33.483
"4050026000","101",IBK기업은행,"0",,126.483,33.483
"4050026100","101",어린이공원제11호,"1",,126.482,33.483
"4050026200","101",우인펜션민박,"0",,126.472,33.483
"4050026300","101",구산마을입구,"0",,126.538,33.483
"4050026400","101",노랑병아리어린이집,"0",,126.471,33.483
"4050026500","101",행복한교회,"0",,126.474,33.483
"4050026600","101",노형영진2차아파트,"0",,126.473,33.483
"4050026700","101",노형성당,"0",,126.469,33.483
"4050026800","101",다예어린이집,"0",,126.501,33.483
"4050026900","101",현이빌,"0",,126.500,33.483
"4050027000","101",제주여자중학교,"1",,126.539,33.484
"4050027100","101",신제주초등학교,"0",,126.497,33.484
"4050027200","101",전도상회,"0",,126.470,33.484
"4050027300","101",노랑병아리어린이집,"0",,126.471,33.484
"4050027400","101",빨간망토어린이집,"0",,126.493,33.484
"4050027500","101",세방아파트,"0",,126.474,33.484
"4050027600","101",아이웰썬랜드,"0",,126.490,33.484
"4050027601","101",노형동952,"0",,126.486,33.484
"4050027602","101",연동333,"0",,126.489,33.484
"4050027603","101",노형동952,"0",,126.485,33.484
"4050027700","101",나눔놀이방,"0",,126.475,33.484
"4050027800","101",e편한세상시티노형,"0",,126.481,33.484
"4050027900","101",노형e편한세상아파트,"0",,126.470,33.484
"4050028000","101",노랑병아리어린이집,"0",,126.472,33.484
"4050028100","101",부영아파트,"0",,126.434,33.484
"4050028200","101",한양아파트,"0",,126.473,33.484
"4050028300","101",공립밝은뜨락어린이집,"0",,126.431,33.484
"4050028400","101",나눔놀이방,"0",,126.475,33.484
"4050028500","101",노형초등학교,"0",,126.476,33.484
"4050028600","101",노형세기7차아파트,"0",,126.471,33.484
"4050028700","101",아기별어린이집,"0",,126.473,33.484
"4050028800","101",나눔놀이방,"0",,126.475,33.484
"4050028900","101",제주자치경찰단,"0",,126.544,33.485
"4050029000","101",지산11차위더스빌아파트,"0",,126.473,33.485
"4050029100","101",커피왓,"0",,126.471,33.485
"4050029200","101",나눔놀이방,"0",,126.475,33.485
"4050029300","101",새순교회,"0",,126.474,33.485
"4050029400","101",해마루풍경아파트,"0",,126.427,33.485
"4050029500","102",제주근빛교회,"0",,126.431,33.485
"4050029600","101",제주큰빛교회,"0",,126.431,33.485
"4050029800","101",영보3차아파트,"0",,126.477,33.485
"4050029900","101",건국빌라,"0",,126.472,33.485
"4050030000","101",세빛어린이집,"0",,126.474,33.485
"4050030100","101",영보2차아파트,"0",,126.476,33.485
"4050030200","101",차세상,"1",,126.537,33.485
"4050030300","101",노형1근린공원,"0",,126.472,33.486
"4050030400","101",노형초교유치원,"0",,126.476,33.486
"4050030500","101",세빛어린이집,"0",,126.474,33.486
"4050030600","101",GS25제주간드락점,"0",,126.544,33.486
"4050030700","101",제주중앙중학교,"0",,126.502,33.486
"4050030800","101",그릿시내어린이집,"0",,126.477,33.486
"4050030900","101",제주관광공사,"0",,126.500,33.486
"4050031000","101",제주드림타워호텔,"1",,126.480,33.486
"4050031100","101",노성빌,"0",,126.475,33.486
"4050031200","101",노형중흥에스클래식아파트,"1",,126.466,33.486
"4050031300","101",신제주우체국,"1",,126.497,33.486
"4050031400","101",카페베네제주연동점,"0",,126.493,33.486
"4050031500","101",그랜드호텔사거리,"0",,126.490,33.486
"4050031600","101",서부빌라트,"0",,126.473,33.486
"4050031700","101",외도더그라벨아파트,"1",,126.427,33.486
"4050031800","101",흘천5교,"0",,126.486,33.486
"4050031801","101",노형동949,"0",,126.486,33.486
"4050031900","101",대원상록수11차,"0",,126.431,33.486
"4050032000","101",노형세기3차아파트,"0",,126.477,33.486
"4050032100","101",씨앤제이교역,"0",,126.485,33.486
"4050032200","101",삼환어린이집,"0",,126.475,33.486
"4050032300","101",평강교회,"1",,126.538,33.486
"4050032301","101",아라일동2470-4,"1",,126.539,33.487
"4050032400","101",노형오거리,"1",,126.481,33.486
"4050032500","101",지큐휴먼빌,"0",,126.502,33.486
"4050032600","101",노형뜨란채아파트,"0",,126.473,33.486
"4050032700","101",삼환어린이집,"0",,126.475,33.486
"4050032800","101",미스터힐링,"0",,126.478,33.486
"4050032900","101",행복한우리교회,"0",,126.476,33.486
"4050033000","101",GS25외도대박점,"0",,126.427,33.486
"4050033100","101",노형새마을금고예식장,"1",,126.479,33.487
"4050033200","101",아이천사어린이집,"0",,126.478,33.487
"4050033300","101",삼환어린이집,"0",,126.474,33.487
"4050033400","101",제주사라의집,"0",,126.559,33.487
"4050033500","101",건국우유,"0",,126.504,33.487
"4050033600","101",계림아파트,"0",,126.476,33.487
"4050033601","101",노형동1297-4,"0",,126.475,33.487
"4050033700","101",한라성결교회,"0",,126.477,33.487
"4050033800","101",정든마을1단지아파트,"0",,126.474,33.487
"4050033900","101",제동프린스빌,"0",,126.479,33.487
"4050034000","101",제주노형우체국,"0",,126.478,33.487
"4050034100","102",영평동2796,"0",,126.563,33.487
"4050034200","101",은솔어린이집,"1",,126.502,33.488
"4050034300","101",백록초등학교,"1",,126.469,33.488
"4050034400","101",베이스노트,"0",,126.500,33.488
"4050034500","101",아라자동차공업사,"0",,126.548,33.488
"4050034600","101",꿈마을어린이집,"0",,126.497,33.488
"4050034700","101",제주시농협신노형지점,"0",,126.481,33.488
"4050034800","101",제2호암거,"0",,126.485,33.488
"4050034900","101",제주일심수산,"0",,126.476,33.488
"4050035000","101",네스트빌아파트,"0",,126.493,33.488
"4050035100","101",은하어린이집,"0",,126.434,33.488
"4050035200","101",한라농축산,"0",,126.433,33.488
"4050035300","101",노형이화2차아파트,"0",,126.475,33.488
"4050035301","101",노형동1297-4,"1",,126.475,33.488
"4050035400","101",카페베네,"0",,126.431,33.488
"4050035500","101",제칠일안식일예수재림교제주시교회,"0",,126.549,33.488
"4050035600","101",제원사거리,"1",,126.490,33.488
"4050035700","101",생명나무놀이터어린이집,"0",,126.480,33.488
"4050035800","101",노형세기6차아파트,"0",,126.479,33.488
"4050035900","101",제주양돈농협,"0",,126.477,33.488
"4050036000","101",남북하나재단,"0",,126.482,33.488
"4050036100","103",속성변화점,"0",,126.511,33.488
"4050036101","101",오라이동1983-2,"0",,126.511,33.489
"4050036102","101",오라이동1363-3,"0",,126.512,33.489
"4050036200","103",속성변화점,"0",,126.515,33.488
"4050036201","101",오라이동1393-8,"0",,126.514,33.489
"4050036300","101",에덴산부인과,"1",,126.476,33.489
"4050036400","101",고평교남측,"0",,126.518,33.489
"4050036500","101",제주양돈축산업협동조합,"0",,126.478,33.489
"4050036600","101",솔누리주택,"0",,126.481,33.489
"4050036700","101",꽃나라어린이집,"0",,126.480,33.489
"4050036800","101",다빈치커피,"0",,126.476,33.489
"4050036900","101",오라초등학교,"0",,126.514,33.489
"4050036901","101",오라초등학교,"1",,126.513,33.489
"4050037000","102",제주시농협남부시설작목반,"0",,126.570,33.489
"4050037100","104",고평교북측,"0",,126.518,33.489
"4050037200","101",남녕고등학교,"0",,126.483,33.489
"4050037300","101",지미네두루치기,"0",,126.434,33.489
"4050037400","101",외도에이스아크로빌2차,"0",,126.433,33.489
"4050037500","101",방천1교,"0",,126.551,33.489
"4050037600","101",체리티주상복합,"0",,126.431,33.489
"4050037700","101",대원상록수8차아파트,"0",,126.433,33.489
"4050037800","101",새샘교회,"0",,126.427,33.489
"4050037900","101",고지교,"0",,126.519,33.489
"4050037901","101",도남동1042-2,"0",,126.519,33.490
"4050037902","101",도남동1039-3,"1",,126.519,33.491
"4050038100","101",풍성한교회,"0",,126.479,33.490
"4050038200","101",연동아파트,"0",,126.482,33.490
"4050038300","101",신제주어린이집,"0",,126.480,33.490
"4050038400","101",제주MBC,"0",,126.502,33.490
"4050038500","101",노형위더스빌15차아파트,"0",,126.477,33.490
"4050038600","101",노형2근린공원,"1",,126.471,33.490
"4050038601","101",노형동2712-1,"1",,126.472,33.491
"4050038700","101",KT신제주지사,"0",,126.500,33.490
"4050038800","101",제주특별자치도도청,"1",,126.497,33.490
"4050038900","101",현대자동차제주지점,"1",,126.496,33.490
"4050039000","101",어반아일랜드호텔,"1",,126.495,33.490
"4050039100","101",제주썬호텔앤카지노,"1",,126.493,33.490
"4050039200","101",하워드존슨제주호텔,"1",,126.492,33.490
"4050039201","101",연동270,"0",,126.492,33.491
"4050039300","101",연북5교,"0",,126.544,33.490
"4050039301","101",아라이동1262-6,"1",,126.545,33.490
"4050039400","101",제주시농협신제주지점,"1",,126.491,33.490
"4050039500","101",삼무공원사거리,"0",,126.490,33.490
"4050039501","101",삼무공원사거리,"0",,126.490,33.491
"4050039502","101",삼무공원사거리,"1",,126.489,33.490
"4050039600","101",방천1교,"0",,126.552,33.490
"4050039700","101",이도주공2단지아파트,"0",,126.534,33.490
"4050039701","101",제주소방서앞교차로,"1",,126.536,33.491
"4050039900","101",초록우산어린이재단,"0",,126.529,33.490
"4050039901","101",도남동91-2,"1",,126.528,33.490
"4050039902","101",동아아파트사거리,"0",,126.531,33.488
"4050039903","101",이도이동747,"0",,126.532,33.489
"4050039904","101",동아아파트사거리,"0",,126.530,33.489
"4050040000","101",방천1교,"1",,126.552,33.490
"4050040100","101",한국감정원,"0",,126.475,33.490
"4050040200","101",월랑재게스트하우스,"0",,126.480,33.490
"4050040300","101",요거프레소,"0",,126.481,33.490
"4050040400","101",꿈터어린이집,"0",,126.478,33.490
"4050040500","101",제주호텔비앤비,"0",,126.491,33.491
"4050040600","101",제주디엠,"1",,126.502,33.491
"4050040700","101",연동321,"0",,126.500,33.491
"4050040800","101",제주대림아파트,"0",,126.486,33.491
"4050040900","101",제주특별자치도교육청,"0",,126.497,33.491
"4050041000","101",현일센츄럴파크뷰아파트,"0",,126.496,33.491
"4050041100","101",에버호텔,"0",,126.495,33.491
"4050041200","101",제주썬호텔,"0",,126.493,33.491
"4050041300","101",곰돌이청과,"0",,126.475,33.491
"4050041400","101",제주축협남녕로지점,"0",,126.481,33.491
"4050041500","101",꿈터어린이집,"0",,126.479,33.491
"4050041600","102",새안교회,"0",,126.477,33.491
"4050041700","101",파라다이스아파트,"0",,126.426,33.491
"4050041800","101",제웅솔내음빌리지1차,"0",,126.431,33.491
"4050041900","101",연동세기2차아파트,"0",,126.487,33.491
"4050042000","101",대원상록수9차아파트,"0",,126.432,33.491
"4050042100","101",외도일동663-1,"0",,126.434,33.491
"4050042200","101",외도실내수영장,"0",,126.434,33.491
"4050042300","101",투썸플레이스제주노형DT점,"1",,126.473,33.492
"4050042400","101",로얄아트빌라,"0",,126.480,33.492
"4050042500","104",월대교동측,"0",,126.435,33.492
"4050042600","101",제주건설회관,"0",,126.496,33.492
"4050042700","101",송현어린이집,"0",,126.495,33.492
"4050042800","101",연동목성빌라,"0",,126.493,33.492
"4050042900","104",월대교서측,"0",,126.435,33.492
"4050043000","101",도남사거리,"1",,126.528,33.492
"4050043001","101",도남동91-2,"0",,126.525,33.492
"4050043100","101",월대교,"0",,126.435,33.492
"4050043200","101",신동부삼무3차아파트,"0",,126.489,33.492
"4050043300","101",도노교,"0",,126.521,33.492
"4050043400","101",제주이도한일베라체아파트,"1",,126.547,33.492
"4050043500","101",보건소사거리,"1",,126.520,33.492
"4050043600","101",제주옥션,"0",,126.438,33.492
"4050043700","101",우정쉐르빌,"0",,126.434,33.492
"4050043800","101",제주과학문화협회,"1",,126.517,33.492
"4050043900","101",월랑초등학교,"0",,126.477,33.493
"4050044000","101",아이샘어린이집,"0",,126.433,33.493
"4050044100","101",잠수교,"0",,126.515,33.493
"4050044200","104",내도교,"0",,126.439,33.493
"4050044300","101",반포가든,"0",,126.463,33.493
"4050044400","103",속성변화점,"0",,126.594,33.493
"4050044401","101",도련일동1729-6,"0",,126.590,33.509
"4050044402","101",도련일동1595-2,"0",,126.591,33.507
"4050044403","101",도련이동1818-2,"0",,126.589,33.513
"4050044404","101",도련일동2868,"0",,126.591,33.506
"4050044500","101",기아자동차한라대리점,"1",,126.511,33.493
"4050044600","104",내도교,"0",,126.440,33.493
"4050044700","101",캐딜락제주전시장,"1",,126.508,33.493
"4050044701","101",오라삼동2744-7,"1",,126.502,33.493
"4050044800","101",SK브로드밴드,"0",,126.490,33.493
"4050044900","101",동남아파트,"1",,126.531,33.493
"4050045000","101",수선화아파트교차로,"1",,126.549,33.493
"4050045001","101",이도이동150-1,"0",,126.548,33.494
"4050045002","101",이도이동256-4,"0",,126.548,33.496
"4050045100","101",제주세기아파트,"1",,126.500,33.493
"4050045200","101",마리나호텔사거리,"1",,126.498,33.494
"4050045300","101",이도이동66-1,"0",,126.550,33.494
"4050045400","101",제주한교회,"0",,126.520,33.494
"4050045500","101",제주종합경기장남측,"0",,126.516,33.494
"4050045600","101",제주제일중학교,"0",,126.541,33.495
"4050045700","101",탐라민속관,"0",,126.469,33.495
"4050045701","101",도두일동2252-1,"0",,126.473,33.497
"4050045800","104",산지4교,"0",,126.541,33.495
"4050045900","101",산지4교,"0",,126.541,33.495
"4050046000","101",종합경기장교차로,"0",,126.520,33.495
"4050046100","101",명품가구백화점,"0",,126.478,33.495
"4050046200","101",도남오거리,"0",,126.527,33.495
"4050046300","101",네오캠퍼스21,"1",,126.535,33.496
"4050046400","101",파란나라어린이집,"0",,126.534,33.496
"4050046500","101",SK충전소개인택시조합,"0",,126.468,33.496
"4050046600","101",제주종합경기장서측,"0",,126.512,33.496
"4050046700","101",제2동산교,"0",,126.512,33.496
"4050046800","101",도남오거리,"0",,126.527,33.496
"4050046900","101",혜성무지개타운아파트,"0",,126.543,33.496
"4050047000","101",네오캠퍼스21,"0",,126.534,33.496
"4050047100","101",세븐일레븐제주오라로점,"1",,126.509,33.496
"4050047200","101",이호교,"0",,126.455,33.496
"4050047300","101",LG베스트샵제주이도점,"1",,126.536,33.496
"4050047400","104",이호교,"0",,126.456,33.496
"4050047401","101",이호일동1961,"0",,126.457,33.497
"4050047500","101",파란나라어린이집,"0",,126.533,33.496
"4050047600","101",제주은행도남지점,"0",,126.530,33.497
"4050047700","101",이도2동행정복지센터,"0",,126.535,33.497
"4050047800","101",파란나라어린이집,"0",,126.534,33.497
"4050047900","101",청향웨딩홀,"0",,126.533,33.497
"4050048000","101",하늘그린5차,"1",,126.537,33.497
"4050048100","101",산지3교,"0",,126.542,33.497
"4050048200","101",산지3교,"0",,126.541,33.497
"4050048300","101",도남동924-7,"0",,126.527,33.497
"4050048400","101",중앙어린이집,"0",,126.533,33.497
"4050048500","101",전기공사공제조합,"0",,126.536,33.497
"4050048600","101",제주시민속오일시장,"0",,126.476,33.497
"4050048700","101",한마음병원사거리,"0",,126.546,33.497
"4050048800","101",노총그린예식장,"0",,126.535,33.498
"4050048900","101",리웨딩,"1",,126.538,33.498
"4050049000","101",중앙어린이집,"0",,126.534,33.498
"4050049100","101",제2오라교,"0",,126.516,33.498
"4050049200","101",삼오교,"0",,126.520,33.498
"4050049300","101",한국전력공사제주전력지사,"1",,126.537,33.498
"4050049400","101",경림휘닉스빌,"0",,126.547,33.498
"4050049500","101",삼국빌라,"0",,126.536,33.498
"4050049600","101",제주종합경기장북측,"0",,126.514,33.498
"4050049700","104",제2오라교,"0",,126.516,33.498
"4050049800","101",신제주입구,"1",,126.497,33.498
"4050049900","101",버터플라이,"0",,126.513,33.498
"4050050000","101",서울우유동동제주고객센터,"1",,126.540,33.499
"4050050100","101",중앙어린이집,"0",,126.534,33.499
"4050050200","103",속성변화점,"0",,126.527,33.499
"4050050300","101",CU제주삼주점,"0",,126.534,33.499
"4050050400","101",한국전력공사,"1",,126.537,33.499
"4050050500","101",근로복지공단,"0",,126.545,33.499
"4050050600","101",산지2교,"0",,126.541,33.499
"4050050700","101",제주일도대림2차아파트,"0",,126.550,33.500
"4050050800","103",속성변화점,"0",,126.465,33.500
"4050050900","101",주술카페,"0",,126.536,33.500
"4050051000","101",올레도세기,"0",,126.538,33.500
"4050051100","101",제주시청,"0",,126.531,33.500
"4050051200","101",대유맨션,"0",,126.536,33.500
"4050051300","102",티엔에스,"0",,126.455,33.501
"4050051301","101",이호일동375-41,"0",,126.455,33.501
"4050051400","101",더레드관광호텔,"0",,126.532,33.501
"4050051500","101",제주은행사거리,"1",,126.544,33.501
"4050051600","101",동광초등학교,"0",,126.548,33.501
"4050051700","101",산지1교,"0",,126.540,33.501
"4050051800","101",가령교,"0",,126.537,33.501
"4050051900","101",도리초등학교,"0",,126.466,33.501
"4050052000","101",웨드아일랜드,"0",,126.467,33.502
"4050052100","101",제주YMCA유치원,"0",,126.520,33.502
"4050052200","101",에이스아트빌,"0",,126.517,33.502
"4050052300","101",제주특별자치도교육청전산센터,"0",,126.515,33.502
"4050052400","101",참사랑하이츠빌라,"0",,126.513,33.502
"4050052500","101",KB국민은행,"0",,126.543,33.502
"4050052600","101",제주동부경찰서,"0",,126.537,33.503
"4050052700","101",일도체육공원,"1",,126.547,33.503
"4050052800","101",모나미게스트하우스,"0",,126.463,33.503
"4050052900","101",제3한천교,"0",,126.511,33.503
"4050053000","101",탐나그린빌,"0",,126.505,33.503
"4050053100","101",포닉스유통,"0",,126.465,33.503
"4050053200","103",속성변화점,"0",,126.517,33.503
"4050053300","101",제주꾸미기,"0",,126.464,33.503
"4050053400","103",속성변화점,"0",,126.542,33.503
"4050053500","101",도두추억애거리,"0",,126.463,33.503
"4050053600","101",포닉스유통,"0",,126.465,33.503
"4050053700","101",Sh수협은행일도지점,"0",,126.542,33.504
"4050053800","101",해변콘서트,"0",,126.466,33.504
"4050053900","101",스카이펜션,"0",,126.465,33.504
"4050054000","101",동문성결교회,"0",,126.546,33.504
"4050054100","101",버베나하우스,"0",,126.465,33.504
"4050054200","101",도리초등학교병설유치원,"0",,126.466,33.504
"4050054300","101",인터파크렌터카,"0",,126.506,33.504
"4050054400","101",월성사거리,"0",,126.504,33.504
"4050054500","101",금강축산유통,"0",,126.467,33.504
"4050054600","101",우성아파트사거리,"1",,126.551,33.504
"4050054700","101",제동해피죤오피스텔,"0",,126.520,33.504
"4050054701","101",삼도일동273,"0",,126.523,33.504
"4050054800","101",도리초등학교병설유치원,"0",,126.466,33.504
"4050054900","101",먹돌세기교차로,"0",,126.507,33.504
"4050054901","101",용담이동2813-1,"0",,126.509,33.506
"4050055000","101",빛내리순복음교회,"0",,126.517,33.504
"4050055100","101",제주정품수산,"0",,126.464,33.504
"4050055200","101",로즈빌,"0",,126.465,33.504
"4050055300","101",삼미횟집,"0",,126.464,33.504
"4050055400","101",대한적십자사제주도지사,"0",,126.514,33.504
"4050055500","101",KT제주지사,"0",,126.525,33.505
"4050055600","101",진성호텔,"0",,126.513,33.505
"4050055700","101",도리초등학교병설유치원,"0",,126.466,33.505
"4050055800","101",죽도수산,"0",,126.465,33.505
"4050055900","101",블루비치펜션,"0",,126.464,33.505
"4050056000","101",일해수산,"0",,126.466,33.505
"4050056100","101",제주신문,"0",,126.466,33.505
"4050056200","101",오션파크,"0",,126.464,33.505
"4050056300","101",제주크루즈,"0",,126.465,33.505
"4050056400","103",속성변화점,"0",,126.496,33.505
"4050056500","101",삼성혈,"1",,126.529,33.506
"4050056600","101",혜성대우아파트,"0",,126.544,33.506
"4050056700","101",제주크루즈,"0",,126.465,33.506
"4050056800","101",도두블루파크시티,"0",,126.464,33.506
"4050056900","101",일해수산,"0",,126.466,33.506
"4050057000","101",덕진아파트,"0",,126.514,33.506
"4050057100","101",삼성교,"0",,126.529,33.506
"4050057101","101",일도이동996-3,"0",,126.530,33.507
"4050057200","101",제주요트조종면허시험장,"0",,126.465,33.506
"4050057300","101",일도신천지2차아파트,"0",,126.546,33.507
"4050057400","101",호남석재사거리,"1",,126.534,33.508
"4050057500","104",제2거로교서측,"0",,126.558,33.508
"4050057600","101",고운어린이집,"0",,126.526,33.509
"4050057601","101",이도일동1549-1,"0",,126.526,33.509
"4050057700","101",용담연립,"0",,126.516,33.509
"4050057701","101",용담일동2583,"1",,126.516,33.509
"4050057702","101",용담일동2583,"1",,126.517,33.509
"4050057800","104",제2거로교동측,"0",,126.559,33.509
"4050057900","101",래미안에버하임아파트,"0",,126.476,33.509
"4050058000","101",용문로터리,"1",,126.510,33.509
"4050058100","101",남문로터리,"0",,126.520,33.509
"4050058200","104",제2신도교,"0",,126.559,33.509
"4050058201","101",화북이동3578-1,"1",,126.562,33.510
"4050058202","101",화북이동3583-4,"0",,126.562,33.510
"4050058203","101",화북이동3632-9,"1",,126.563,33.511
"4050058300","104",한천교서측,"0",,126.511,33.509
"4050058400","101",한천교동측,"0",,126.512,33.509
"4050058401","101",용담일동2581-4,"1",,126.512,33.510
"4050058500","101",제3사수교,"0",,126.481,33.510
"4050058600","101",온현교,"0",,126.526,33.510
"4050058700","101",헤르지아아파트,"0",,126.505,33.510
"4050058800","101",세븐일레븐,"0",,126.503,33.510
"4050058801","101",용담이동2580-12,"1",,126.503,33.511
"4050058802","101",용담이동924-7,"0",,126.503,33.512
"4050058900","101",퍼시픽호텔,"0",,126.520,33.510
"4050058901","101",삼도일동2578,"1",,126.520,33.510
"4050058902","101",용담일동2578,"0",,126.520,33.512
"4050059000","101",오현교서측,"0",,126.526,33.510
"4050059001","101",이도일동1422-6,"0",,126.525,33.511
"4050059100","101",JJ짬뽕,"0",,126.482,33.510
"4050059200","101",용담사거리,"0",,126.514,33.510
"4050059201","101",용담일동295-2,"1",,126.516,33.511
"4050059202","101",용담사거리,"1",,126.514,33.511
"4050059300","104",오현교동측,"0",,126.527,33.510
"4050059301","101",일도이동1050-1,"0",,126.529,33.511
"4050059400","101",율곡어린이집,"1",,126.514,33.511
"4050059401","101",용담이동2581,"0",,126.513,33.512
"4050059500","101",SK주유소공단,"1",,126.564,33.511
"4050059501","101",화북이동3708-1,"0",,126.564,33.512
"4050059600","101",제주농산,"1",,126.517,33.511
"4050059700","101",일도이동1050-1,"0",,126.531,33.512
"4050059800","101",타이어백화점화북점,"1",,126.569,33.512
"4050059900","101",대성종합상사,"1",,126.573,33.512
"4050060100","101",수협은행,"0",,126.512,33.512
"4050060101","101",용담이동456-13,"0",,126.514,33.515
"4050060200","101",금정자동차,"0",,126.561,33.512
"4050060300","101",일도2동주민센터,"0",,126.538,33.512
"4050060400","101",보람광택,"0",,126.562,33.512
"4050060500","101",국립박물관앞,"0",,126.548,33.512
"4050060600","101",화북일동2168,"0",,126.564,33.512
"4050066000","101",세븐일레븐,"0",,126.565,33.515
"4050060700","101",래미안에버하임아파트,"0",,126.565,33.512
"4050060800","101",제주시청소년수련관,"1",,126.546,33.512
"4050060900","101",서문사거리,"1",,126.519,33.512
"4050061000","101",한라육가공,"0",,126.567,33.513
"4050061100","101",제주서초등학교,"0",,126.510,33.513
"4050061200","101",우성상사,"0",,126.568,33.513
"4050061300","103",속성변화점,"0",,126.509,33.513
"4050061400","101",삼성전자로지텍제주물류센터,"0",,126.559,33.513
"4050061500","101",광일운송,"0",,126.569,33.513
"4050061600","101",제주은행용담출장소,"1",,126.520,33.513
"4050061700","101",제주사대부설고등학교,"0",,126.508,33.513
"4050061701","101",용담이동592-4,"0",,126.507,33.513
"4050061800","101",현대모비스,"0",,126.561,33.513
"4050061900","103",속성변화점,"0",,126.530,33.513
"4050061901","101",일도일동1170-1,"1",,126.529,33.513
"4050062000","101",삼성에어콘직영정비사업소,"0",,126.562,33.513
"4050062100","101",영주교회,"1",,126.544,33.513
"4050062200","101",동문로터리,"0",,126.528,33.513
"4050062201","101",일도일동1196-1,"0",,126.528,33.514
"4050062300","101",스타벅스제주칠성점,"1",,126.525,33.513
"4050062400","101",성화마을어린이집,"0",,126.503,33.513
"4050062401","101",용담삼동973-1,"1",,126.503,33.514
"4050062500","101",부가네얼큰이,"0",,126.506,33.513
"4050062600","101",태성에프엔비,"0",,126.565,33.513
"4050062700","101",제주농협동문지점,"0",,126.532,33.513
"4050062701","101",건입동행정복지센터,"0",,126.532,33.515
"4050062800","101",태성에프엔비,"0",,126.567,33.513
"4050062900","101",영주교회,"1",,126.542,33.513
"4050063000","101",그린피아부엌기구,"0",,126.568,33.513
"4050063100","101",동신자동차공업사,"0",,126.559,33.513
"4050063200","103",속성변화점,"0",,126.534,33.514
"4050063201","101",일도이동1050-1,"0",,126.535,33.514
"4050063300","101",성우이앤씨,"0",,126.561,33.514
"4050063400","101",기아오토큐제주점,"0",,126.562,33.514
"4050063500","101",GS25,"0",,126.563,33.514
"4050063600","101",태성에프엔비,"0",,126.565,33.514
"4050063700","103",속성변화점,"0",,126.589,33.514
"4050063800","101",태성에프엔비,"0",,126.567,33.514
"4050063900","101",유성주택,"0",,126.568,33.514
"4050064000","101",제주시화북1동2204,"0",,126.569,33.514
"4050064100","101",혁신정밀기계,"0",,126.559,33.514
"4050064200","101",CU제주무근성점,"0",,126.520,33.514
"4050064300","101",사라봉오거리,"0",,126.538,33.514
"4050064301","101",건입동711,"1",,126.538,33.517
"4050064400","101",화북자원폐차장,"0",,126.561,33.514
"4050064500","101",제주동원축산,"0",,126.562,33.514
"4050064600","101",성짓골작은도서관,"0",,126.518,33.514
"4050064700","101",세븐일레븐,"0",,126.565,33.514
"4050064800","101",북성교,"1",,126.529,33.515
"4050064900","101",제주유통,"0",,126.567,33.515
"4050065000","101",동양시멘트,"0",,126.568,33.515
"4050065100","103",속성변화점,"0",,126.529,33.515
"4050065200","101",북성교,"0",,126.529,33.515
"4050065300","101",제주시관광안내센터,"0",,126.511,33.515
"4050065400","102",북성교,"0",,126.528,33.515
"4050065500","101",쌍마타일시멘트,"0",,126.559,33.515
"4050065600","101",대우트럭,"0",,126.561,33.515
"4050065700","101",지성건설기계매매상사,"0",,126.562,33.515
"4050065800","101",도련사거리,"1",,126.589,33.515
"4050065900","101",화북공업단지,"0",,126.563,33.515
"4050066100","101",용담수원지,"1",,126.517,33.515
"4050066200","101",영화자동차공업사,"0",,126.567,33.515
"4050066300","101",남양어구점,"0",,126.568,33.515
"4050066400","101",도련이동579-7,"1",,126.590,33.515
"4050066401","101",도련이동607-1,"1",,126.591,33.516
"4050066500","101",신한은행제주지점,"0",,126.525,33.516
"4050066600","101",지앤지,"0",,126.519,33.516
"4050066601","101",삼도이동1116-5,"0",,126.520,33.516
"4050066700","103",속성변화점,"0",,126.523,33.516
"4050066800","101",로이빌,"0",,126.523,33.516
"4050066900","103",속성변화점,"0",,126.522,33.516
"4050067000","101",제주사대부설중학교,"0",,126.508,33.516
"4050067001","101",용담삼동1064-3,"0",,126.507,33.516
"4050067002","101",용담삼동2580,"0",,126.506,33.516
"4050067003","101",용담삼동1064-3,"0",,126.506,33.516
"4050067100","102",사라봉공원입구,"0",,126.548,33.516
"4050067300","101",용진교,"0",,126.531,33.516
"4050067301","101",건입동984-98,"0",,126.532,33.517
"4050067302","101",건입동984-124,"1",,126.534,33.518
"4050067303","101",건입동984-11,"0",,126.532,33.517
"4050067400","104",용진교,"0",,126.530,33.517
"4050067401","101",건입동1388-18,"0",,126.528,33.516
"4050067500","101",탑동사거리,"1",,126.525,33.517
"4050067501","101",제주오리엔탈호텔,"1",,126.520,33.518
"4050067502","101",제주팔레스호텔,"1",,126.524,33.517
"4050067600","101",하이오토렌탈,"0",,126.517,33.517
"4050067700","101",카페베네제주용담해안로점,"0",,126.502,33.517
"4050067800","101",바다잔치,"0",,126.516,33.518
"4050067900","101",제주오리엔탈호텔,"1",,126.519,33.518
"4050068000","103",속성변화점,"0",,126.525,33.518
"4050068001","101",삼도이동1264,"0",,126.524,33.519
"4050068100","103",속성변화점,"0",,126.517,33.519
"4050068200","103",속성변화점,"0",,126.521,33.519
"4050068201","101",삼도이동1264,"0",,126.520,33.519
"4050068300","103",속성변화점,"0",,126.535,33.519
"4050068400","101",천사요양보호사교육원,"0",,126.519,33.519
"4050068500","101",제주시삼양2동1480-2,"1",,126.588,33.520
"4050068600","101",제주화북교회,"0",,126.566,33.521
"4050068700","101",제6부두교차로,"0",,126.544,33.522
"4050068800","101",은하수어린이집,"0",,126.568,33.522
"4050068801","101",화북일동1995-7,"0",,126.567,33.524
"4050068900","102",제주항국제여객터미널입구,"0",,126.545,33.523
"4050069000","101",만항재,"0",,126.565,33.523
"4050069100","101",봄소리어린이집,"0",,126.586,33.524
"4050069200","101",힘찬어린이집,"0",,126.590,33.524
"4050069300","101",해변민박,"0",,126.581,33.525
"4050069301","101",삼양이동1948-2,"0",,126.585,33.525
"4050069400","101",둠벵이교,"0",,126.580,33.525
"4050069500","101",삼양정,"0",,126.586,33.525
"4050069600","101",세븐일레븐제주삼양해변점,"0",,126.587,33.526
"4050069700","101",삼양1동복지회관,"0",,126.590,33.526
"4050069800","101",세븐일레븐,"0",,126.589,33.527
"4050069801","101",삼양일동1667-1,"0",,126.591,33.528
"4050069900","102",삼양3동마을회관,"0",,126.576,33.527
"4050070000","101",검은모래펜션,"0",,126.588,33.527
"4050070001","101",삼양일동1938-3,"0",,126.589,33.529
"4050070100","102",한전아파트,"0",,126.591,33.527
"4050070200","101",삼양일동1668-1,"0",,126.593,33.528
"4050070300","101",대유아파트,"0",,126.593,33.530
"4050070400","102",궁중관,"0",,126.589,33.531
"4050070700","104",봉개교동측,"0",,126.582,33.497
"4050070800","104",봉개교서측,"0",,126.581,33.497
"4050070900","104",부록교동측,"0",,126.569,33.501
"4050071000","104",부록교서측,"0",,126.569,33.502
"4050073300","102",해안동896-8,"0",,126.460,33.465
"4050073400","102",해안동896-9,"0",,126.460,33.465
"4050073500","101",해안동2793,"0",,126.461,33.458
"4050073600","101",노형동3286-2,"0",,126.465,33.471
"4050073700","101",노형동1930-5,"1",,126.470,33.465
"4050073800","101",노형교차로,"1",,126.485,33.464
"4050073801","101",큰내도교차로,"1",,126.476,33.464
"4050073802","101",노형동119-6,"0",,126.485,33.468
"4050073900","101",연동교차로,"1",,126.501,33.465
"4050074000","101",오라이동3267-2,"0",,126.502,33.475
"4050074100","101",오라교차로,"1",,126.513,33.461
"4050074200","102",아라일동1900,"0",,126.544,33.463
"4050074300","102",오등동194-2,"0",,126.544,33.462
"4050074600","101",달무교차로,"1",,126.549,33.463
"4050074900","101",아라이동2987-3,"1",,126.558,33.464
"4050075000","101",화북이동3141-2,"1",,126.563,33.501
"4050075100","101",영평동2311-10,"0",,126.566,33.463
"4050075200","101",화북이동5756,"1",,126.566,33.503
"4050075300","101",월평1교앞교차로,"1",,126.569,33.463
"4050075400","101",영평동2150-4,"1",,126.569,33.461
"4050075500","101",영평동2152-5,"1",,126.570,33.460
"4050075600","101",동샘교차로,"1",,126.570,33.468
"4050075700","101",월평교앞교차로,"0",,126.570,33.471
"4050075701","101",영평동1918-3,"0",,126.570,33.474
"4050075702","103",속성변화점,"0",,126.569,33.476
"4050078200","101",제주화북동우체국,"1",,126.573,33.514
"4050078300","101",김명자굴국밥,"1",,126.573,33.517
"4050078301","101",화북일동29-4,"1",,126.573,33.518
"4050078302","101",화북일동29-4,"0",,126.573,33.519
"4050078400","101",삼화초등학교,"1",,126.576,33.514
"4050078500","101",제주시화북1동29-6,"1",,126.577,33.517
"4050078600","104",화삼교서측,"0",,126.578,33.514
"4050078700","104",화삼교동측,"0",,126.578,33.514
"4050078800","104",삼양교서측,"0",,126.578,33.521
"4050078900","101",삼양교동측,"1",,126.578,33.521
"4050079000","103",속성변화점,"0",,126.579,33.519
"4050079100","101",제주시삼양2동2338,"1",,126.581,33.517
"4050079101","101",화북일동29-8,"0",,126.578,33.517
"4050079102","101",화북일동29-8,"1",,126.578,33.517
"4050079103","101",삼양이동2338,"1",,126.580,33.517
"4050079200","101",하이마트삼화점,"1",,126.581,33.512
"4050079300","101",제주시도련1동2008,"1",,126.581,33.514
"4050079301","101",도련일동2008,"0",,126.581,33.516
"4050079400","101",한일관,"0",,126.581,33.519
"4050079500","101",동제주새마을금고본점,"1",,126.581,33.521
"4050079600","101",제주시삼양2동2196-1,"0",,126.585,33.520
"4050079700","101",매화공원,"1",,126.586,33.517
"4050079701","101",삼양이동2002,"1",,126.581,33.517
"4050079800","101",제주시도련2동532-2,"0",,126.589,33.517
"4050081900","102",소길리1370,"0",,126.371,33.446
"4050082000","102",신엄리3208,"0",,126.372,33.477
"4050082100","101",신엄리831-1,"0",,126.372,33.475
"4050082200","102",신엄리3208,"0",,126.373,33.475
"4050082300","102",신엄리1212-3,"0",,126.371,33.474
"4050082400","102",수산리1186-41,"0",,126.389,33.460
"4050082500","101",하귀1리586,"0",,126.413,33.481
"4050082600","102",하귀1리586,"0",,126.413,33.480
"4050082700","101",하귀1리587,"0",,126.413,33.481
"4050082800","101",하귀1리562,"0",,126.416,33.485
"4050082900","102",하귀1리46-1,"0",,126.420,33.486
"4050083000","102",하귀2리1899-3,"0",,126.403,33.477
"4050083100","102",노형동3827,"0",,126.494,33.411
"4050083200","102",연동2488-435,"0",,126.500,33.420
"4050083300","102",노형동3770,"0",,126.479,33.457
"4050083400","101",한라수목원입구교차로,"0",,126.484,33.469
"4050083500","102",노형동569-1,"0",,126.484,33.469
"4050083600","102",외도일동2552-16,"0",,126.439,33.482
"4050083700","102",외도일동124-2,"0",,126.438,33.484
"4050083800","102",도평동1403,"0",,126.448,33.479
"4050083900","102",노형동3773,"0",,126.462,33.475
"4050084000","102",외도이동307-1,"0",,126.433,33.495
"4050084100","101",외도이동324-3,"0",,126.434,33.494
"4050084200","101",노형동2598-2,"0",,126.474,33.490
"4050084300","101",외도이동2552-28,"0",,126.435,33.495
"4050084400","102",외도이동307-1,"0",,126.435,33.495
"4050084500","101",이호이동932-7,"0",,126.460,33.494
"4050084600","101",이호이동927-3,"0",,126.460,33.493
"4050084700","102",이호이동918-4,"0",,126.460,33.492
"4050084800","102",이호이동1962-1,"0",,126.459,33.492
"4050084900","101",노형동3815,"0",,126.480,33.484
"4050085000","101",노형동3791-1,"0",,126.480,33.483
"4050085100","101",노형동3816,"0",,126.479,33.485
"4050085200","101",노형동3816,"0",,126.480,33.484
"4050085300","101",노형동3816,"0",,126.479,33.485
"4050085400","101",노형동3815,"1",,126.478,33.484
"4050085500","101",노형동3815,"1",,126.478,33.484
"4050085600","101",노형동3815,"1",,126.476,33.483
"4050085700","101",노형동3796-6,"0",,126.478,33.481
"4050085800","101",노형동3805,"0",,126.475,33.482
"4050085900","101",노형동3819,"0",,126.474,33.479
"4050086000","101",노형동3819,"0",,126.474,33.482
"4050086100","101",노형동3815,"0",,126.478,33.484
"4050086200","101",노형동행정복지센터,"0",,126.477,33.484
"4050086300","101",노형동행정복지센터,"0",,126.477,33.484
"4050086400","101",노형동3815,"0",,126.479,33.484
"4050086500","101",노형동행정복지센터,"1",,126.478,33.484
"4050086600","101",노형동행정복지센터,"0",,126.478,33.483
"4050086700","101",노형동3817,"0",,126.479,33.483
"4050086800","101",노형동3817,"0",,126.479,33.483
"4050086900","101",노형동행정복지센터,"1",,126.477,33.482
"4050087000","101",노형동3820,"1",,126.477,33.481
"4050087100","101",노형동3818,"1",,126.477,33.482
"4050087200","101",노형동3818,"0",,126.476,33.481
"4050087300","101",노형동3819,"0",,126.475,33.480
"4050087400","102",노형동3819,"0",,126.475,33.478
"4050087500","101",노형중학교,"1",,126.476,33.480
"4050087600","101",노형동3819,"0",,126.478,33.480
"4050087700","102",노형동3766,"0",,126.470,33.482
"4050087800","101",도두일동1230-1,"0",,126.476,33.498
"4050087900","101",도두일동2612-16,"0",,126.479,33.499
"4050088000","102",노형동3764,"0",,126.487,33.470
"4050088100","101",연동260,"0",,126.489,33.491
"4050088200","102",오라삼동2993-1,"0",,126.503,33.487
"4050088300","102",오라이동1998-1,"0",,126.510,33.489
"4050088400","101",오라이동3827-6,"0",,126.513,33.488
"4050088500","101",오라이동3827-6,"0",,126.513,33.487
"4050088600","102",오라이동3827-6,"0",,126.513,33.487
"4050088700","101",도남동1070,"0",,126.524,33.487
"4050088800","104",고지1교,"0",,126.518,33.487
"4050088900","104",고지1교,"0",,126.519,33.487
"4050089000","101",도남동1052,"0",,126.520,33.487
"4050089100","101",도남동1070,"0",,126.528,33.488
"4050089200","101",도남동1070,"0",,126.524,33.489
"4050089300","101",도남동1058,"0",,126.526,33.490
"4050089400","101",도남동1058,"0",,126.524,33.490
"4050089500","101",도남동1052,"0",,126.520,33.490
"4050089600","101",도남동1052,"0",,126.520,33.490
"4050089700","101",도남동668,"0",,126.520,33.489
"4050089800","101",도남동91-2,"0",,126.527,33.491
"4050089900","102",용담이동2580-80,"0",,126.504,33.512
"4050090000","101",이도초등학교,"0",,126.532,33.487
"4050090100","101",아라일동2044,"0",,126.534,33.486
"4050090200","101",아라일동6041,"0",,126.536,33.486
"4050090300","101",아라일동6040,"0",,126.535,33.485
"4050090400","101",아라일동6039,"1",,126.535,33.485
"4050090500","101",아라일동2048,"0",,126.535,33.486
"4050090600","101",이도이동2048,"0",,126.535,33.487
"4050090700","101",이도이동2045,"0",,126.533,33.488
"4050090800","101",이도이동2059,"0",,126.537,33.490
"4050090900","101",이도이동2057,"0",,126.539,33.488
"4050091000","101",이도이동2059,"0",,126.539,33.488
"4050091100","101",이도이동2059,"0",,126.539,33.489
"4050091200","101",이도이동2051,"0",,126.535,33.489
"4050091300","101",이도이동2051,"0",,126.536,33.488
"4050091400","101",이도이동2051,"0",,126.536,33.487
"4050091500","101",아라일동2051,"0",,126.537,33.487
"4050091600","102",이도이동2055,"0",,126.536,33.489
"4050091700","102",이도이동1085-3,"0",,126.535,33.492
"4050091800","102",이도이동1085-5,"0",,126.537,33.493
"4050091900","101",아라이동2075,"0",,126.542,33.494
"4050092000","101",아라이동3015,"0",,126.543,33.492
"4050092100","101",아라이동3015,"1",,126.544,33.491
"4050092200","101",아라이동3022,"0",,126.542,33.492
"4050092300","101",이도이동2066,"0",,126.541,33.491
"4050092400","101",이도이동2065,"0",,126.542,33.491
"4050092500","101",아라이동3022,"0",,126.541,33.493
"4050092600","101",이도이동2062,"0",,126.540,33.493
"4050092700","101",이도이동2062,"0",,126.539,33.492
"4050092800","101",이도이동2061,"0",,126.538,33.491
"4050092900","101",이도이동2061,"0",,126.538,33.492
"4050093000","101",이도이동2066,"0",,126.539,33.490
"4050093100","101",남광초등학교,"0",,126.539,33.493
"4050093200","102",이도이동2065,"0",,126.543,33.490
"4050093300","101",아라이동3018,"0",,126.544,33.493
"4050093400","101",아라이동3015,"0",,126.544,33.491
"4050093500","101",탐라중학교,"0",,126.545,33.493
"4050093600","101",이도이동2084,"0",,126.547,33.494
"4050093700","101",이도이동2080,"0",,126.546,33.495
"4050093800","102",이도이동2078,"0",,126.546,33.495
"4050093900","101",이도이동2080,"0",,126.545,33.494
"4050094000","101",아라이동2077,"0",,126.544,33.493
"4050094100","101",아라이동3016,"0",,126.543,33.493
"4050094200","101",아라이동3016,"0",,126.542,33.494
"4050094300","101",아라이동3017,"0",,126.543,33.493
"4050094400","101",이도이동2075,"0",,126.543,33.494
"4050094500","101",이도이동2077,"0",,126.543,33.495
"4050094600","101",이도이동2075,"0",,126.542,33.494
"4050094700","102",이도이동2074,"0",,126.541,33.495
"4050094800","101",아라이동2075,"0",,126.542,33.494
"4050094900","102",도남동800,"0",,126.522,33.494
"4050095000","102",용담이동617-38,"0",,126.508,33.511
"4050095100","102",용담이동2693-8,"0",,126.511,33.504
"4050095200","102",용담이동833,"0",,126.501,33.510
"4050095300","102",용담이동909-9,"0",,126.501,33.512
"4050095400","101",용담일동295-48,"0",,126.516,33.510
"4050095500","101",용담일동220-44,"0",,126.516,33.510
"4050095600","101",용담일동228-46,"0",,126.516,33.509
"4050095700","101",용담일동221-1,"0",,126.516,33.510
"4050095800","101",용담일동2578,"0",,126.517,33.509
"4050095900","101",용담일동2578,"0",,126.518,33.510
"4050096000","101",용담일동2578,"0",,126.518,33.510
"4050096100","101",용담일동2578,"0",,126.519,33.510
"4050096200","101",용담일동140-2,"0",,126.518,33.511
"4050096300","102",용담일동135-46,"0",,126.518,33.511
"4050096400","102",삼도이동1932-42,"0",,126.523,33.512
"4050096500","101",일도일동1491-1,"0",,126.526,33.511
"4050096600","101",일도일동1105-12,"0",,126.529,33.512
"4050096700","101",일도일동1105-18,"0",,126.529,33.512
"4050096800","102",일도일동1496-22,"0",,126.530,33.512
"4050096900","101",일도1동주민센터,"0",,126.527,33.515
"4050097000","102",건입동1429,"0",,126.527,33.516
"4050097100","102",일도일동1492-13,"0",,126.528,33.515
"4050097200","102",제주북초등학교,"0",,126.523,33.515
"4050097300","102",건입동1429,"0",,126.528,33.518
"4050097400","102",건입동1047-1,"0",,126.536,33.517
"4050097500","102",건입동1005-2,"0",,126.534,33.516
"4050097600","101",제주동초등학교,"0",,126.533,33.515
"4050097700","102",건입동918-58,"0",,126.533,33.519
"4050097800","101",건입동731,"0",,126.540,33.515
"4050097900","102",건입동1427-13,"0",,126.543,33.516
"4050098000","101",아라일동3018,"0",,126.568,33.447
"4050098100","101",아라일동3019,"0",,126.568,33.445
"4050098200","102",영평동2796,"0",,126.566,33.472
"4050098300","101",아라일동6098,"0",,126.542,33.476
"4050098400","101",아라일동6176,"0",,126.544,33.474
"4050098500","101",아라일동6163,"0",,126.550,33.474
"4050098600","101",아라일동6163,"0",,126.550,33.473
"4050098700","102",아라일동6162,"0",,126.550,33.471
"4050098800","102",아라일동6183,"0",,126.544,33.473
"4050098900","101",아라일동6176,"0",,126.542,33.474
"4050099000","102",아라일동6178,"0",,126.540,33.474
"4050099100","102",아라일동6178,"0",,126.542,33.469
"4050099200","102",아라일동1753-3,"0",,126.546,33.469
"4050099300","102",오등동10-2,"0",,126.544,33.445
"4050099400","102",아라일동1,"0",,126.558,33.450
"4050099500","102",아라일동2991,"0",,126.560,33.448
"4050099600","102",아라일동2988-3,"0",,126.565,33.447
"4050099700","101",영평동2278,"0",,126.570,33.444
"4050099800","101",영평동2278,"0",,126.571,33.444
"4050099900","101",아라일동3018,"0",,126.567,33.445
"4050100000","102",아라일동2988-3,"0",,126.566,33.445
"4050100100","103",속성변화점,"0",,126.571,33.443
"4050100200","101",월평동750,"0",,126.575,33.455
"4050100300","101",영평동2273,"0",,126.573,33.455
"4050100400","101",월평동751,"0",,126.575,33.455
"4050100500","101",월평동739-3,"0",,126.575,33.455
"4050100600","101",월평동753,"0",,126.575,33.454
"4050100700","101",월평동738-6,"0",,126.574,33.455
"4050100800","101",월평동751,"0",,126.575,33.455
"4050100900","101",월평동753,"0",,126.575,33.454
"4050101000","102",화북일동5749,"0",,126.567,33.525
"4050101100","101",영평동2273,"0",,126.573,33.452
"4050101200","101",영평동2173-2,"0",,126.573,33.452
"4050101300","101",월평동750,"0",,126.577,33.452
"4050101400","101",월평동750,"0",,126.576,33.456
"4050101500","103",속성변화점,"0",,126.576,33.454
"4050101600","101",영평동2173-2,"0",,126.573,33.453
"4050101700","101",영평동2173-2,"0",,126.573,33.454
"4050101800","101",제주국제자유도시개발센터,"1",,126.572,33.453
"4050101900","101",영평동2273,"0",,126.574,33.449
"4050102000","103",속성변화점,"0",,126.570,33.452
"4050102100","102",용강동101-1,"0",,126.601,33.450
"4050102200","102",월평동929-1,"0",,126.574,33.468
"4050102300","102",용강동1777,"0",,126.583,33.482
"4050102400","102",봉개동산51-5,"0",,126.615,33.451
"4050102500","102",회천동산5-5,"0",,126.633,33.456
"4050102900","102",신촌리3063-1,"0",,126.617,33.524
"4050103000","102",신촌리4005,"0",,126.618,33.526
"4050103100","101",화북일동29-5,"0",,126.576,33.520
"4050103200","101",화북일동29-6,"0",,126.577,33.518
"4050103300","101",화북일동29-6,"0",,126.577,33.518
"4050103400","101",화북일동29-6,"0",,126.577,33.518
"4050103500","101",화북일동29-8,"0",,126.578,33.518
"4050103600","101",화북일동29-8,"0",,126.578,33.518
"4050103700","101",화북일동29-7,"0",,126.578,33.518
"4050103800","101",화북일동29-8,"0",,126.578,33.518
"4050103900","101",화북일동29-8,"0",,126.579,33.518
"4050104000","102",도련일동2012,"0",,126.580,33.516
"4050104100","102",도련일동2006,"0",,126.581,33.515
"4050104200","101",도련일동2010,"0",,126.580,33.516
"4050104300","101",도련일동2006,"0",,126.581,33.516
"4050104400","102",화북이동3357-2,"0",,126.561,33.507
"4050104500","101",화북이동3445-3,"0",,126.563,33.508
"4050104600","102",화북이동3353-2,"0",,126.561,33.508
"4050104700","101",화북이동2526-2,"0",,126.565,33.508
"4050104800","101",화북이동3510-3,"0",,126.563,33.509
"4050104900","101",화북이동5749-53,"0",,126.563,33.509
"4050105000","101",화북이동5749-22,"0",,126.561,33.512
"4050105100","102",화북이동5749-22,"0",,126.559,33.512
"4050105200","101",화북일동4087-7,"0",,126.562,33.523
"4050105300","102",화북일동4094-2,"0",,126.562,33.523
"4050105400","102",화북일동5749,"0",,126.562,33.524
"4050105500","102",화북일동5749,"0",,126.564,33.525
"4050105600","101",봉개동2408-7,"0",,126.591,33.490
"4050105700","101",봉개동2408-7,"0",,126.592,33.490
"4050105800","101",봉개동2389-27,"0",,126.592,33.490
"4050105900","101",봉개동2389-27,"0",,126.593,33.489
"4050106000","101",봉개초등학교,"1",,126.593,33.490
"4050106100","101",봉개동1959-2,"0",,126.593,33.490
"4050106200","101",봉개동1930-1,"0",,126.593,33.491
"4050106300","101",봉개동1954-1,"1",,126.592,33.491
"4050106400","101",봉개동1954-1,"1",,126.592,33.491
"4050106500","101",봉개동1954-1,"1",,126.593,33.491
"4050106600","101",봉개동1961-1,"0",,126.592,33.490
"4050106700","102",봉개동1558,"0",,126.598,33.490
"4050106800","101",봉개동1585-5,"0",,126.599,33.490
"4050106900","102",봉개동2736,"0",,126.600,33.490
"4050107000","101",봉개동1538-3,"0",,126.599,33.489
"4050107100","101",봉개동1538-3,"0",,126.600,33.489
"4050107200","101",봉개동1371-1,"0",,126.599,33.488
"4050107300","101",봉개교차로,"0",,126.597,33.488
"4050107400","102",건입동1429-1,"0",,126.532,33.517
"4050107500","102",건입동712,"0",,126.539,33.517
"4050107600","102",건입동1047-1,"0",,126.538,33.517
"4050107700","101",도련일동1673-2,"0",,126.589,33.509
"4050107800","101",도련일동1667-1,"0",,126.588,33.509
"4050107900","101",도련일동2267-17,"0",,126.586,33.509
"4050108000","101",도련일동2267-17,"0",,126.586,33.508
"4050108100","101",도련일동2868,"0",,126.585,33.508
"4050108200","101",도련일동2293-21,"0",,126.584,33.508
"4050108300","101",도련일동2296-2,"0",,126.584,33.508
"4050108400","102",도련일동2868,"0",,126.584,33.507
"4050108500","101",도련일동2868,"0",,126.583,33.508
"4050108600","102",도련일동2225-2,"0",,126.583,33.507
"4050108700","101",도련일동2868,"0",,126.583,33.509
"4050108800","102",도련일동2251-3,"0",,126.582,33.509
"4050108900","101",도련일동2252-3,"0",,126.584,33.509
"4050109000","101",도련일동2868,"0",,126.585,33.509
"4050109100","101",도련일동2868,"0",,126.585,33.509
"4050109200","101",도련일동2264-2,"0",,126.586,33.509
"4050109300","101",도련일동2263-3,"0",,126.586,33.510
"4050109400","101",도련일동2259-10,"0",,126.586,33.510
"4050109500","102",도련일동2258-11,"0",,126.586,33.510
"4050109600","101",도련일동2291-3,"0",,126.585,33.508
"4050109700","102",도련일동2356-2,"0",,126.585,33.507
"4050109800","101",도련일동2868,"0",,126.585,33.508
"4050109900","101",도련일동2290-2,"0",,126.586,33.507
"4050110000","102",도련일동2362-1,"0",,126.586,33.507
"4050110100","101",도련일동2868,"0",,126.586,33.508
"4050110200","101",도련일동2277-1,"0",,126.586,33.507
"4050110300","101",도련일동1629-10,"0",,126.587,33.508
"4050110400","101",도련일동1629-10,"1",,126.587,33.507
"4050110500","102",도련일동2868,"0",,126.587,33.507
"4050110600","101",도련일동1619,"0",,126.589,33.509
"4050110700","101",도련일동1619,"0",,126.588,33.509
"4050110800","101",도련일동1619,"0",,126.590,33.507
"4050110900","101",도련이동1818-6,"0",,126.589,33.513
"4050111000","101",도련이동2868-1,"0",,126.590,33.514
"4050111100","101",도련이동568-1,"0",,126.590,33.514
"4050111200","101",도련이동2868-1,"0",,126.590,33.515
"4050111300","101",도련이동2868-1,"0",,126.591,33.514
"4050111400","101",도련이동2868-1,"0",,126.591,33.514
"4050115500","101",용강동848-2,"1",,126.588,33.474
"4050115600","101",월평동447-1,"0",,126.579,33.468
"4050115700","102",월평동1377,"0",,126.577,33.470
"4050115800","102",월평동1377,"0",,126.579,33.468
"4050115900","101",월평동1011-5,"0",,126.574,33.468
"4050116000","102",아라일동6169,"0",,126.548,33.473
"4050116100","102",회천동3264,"0",,126.620,33.500
"4050116200","102",회천동697,"0",,126.619,33.509
"4050116300","102",신촌리2034-2,"0",,126.623,33.538
"4050153500","101",송낙교차로,"0",,126.360,33.436
"4050153900","101",상가리176-2,"0",,126.362,33.422
"4050154200","103",속성변화점,"0",,126.363,33.469
"4050154400","101",EV충전소세븐일레븐애월신엄점,"0",,126.364,33.470
"4050154500","101",신엄리2721-2,"0",,126.365,33.478
"4050154600","101",하가리1633,"0",,126.365,33.453
"4050154700","103",속성변화점,"0",,126.366,33.471
"4050154900","101",노을과포도향기,"0",,126.366,33.452
"4050155100","101",신엄교차로,"1",,126.366,33.471
"4050155200","101",신엄삼거리,"1",,126.366,33.470
"4050155300","103",속성변화점,"0",,126.367,33.470
"4050155400","101",신엄리1396,"1",,126.367,33.469
"4050155500","101",납읍리2772,"0",,126.367,33.417
"4050155700","101",상가리산50-8,"0",,126.368,33.437
"4050156200","101",용흥교차로,"0",,126.369,33.452
"4050156400","101",용흥교차로,"1",,126.369,33.451
"4050157200","103",속성변화점,"0",,126.373,33.473
"4050157400","101",구엄초교앞교차로,"0",,126.373,33.473
"4050157500","101",구엄초교앞,"1",,126.374,33.474
"4050157600","101",어음리산142-3,"1",,126.374,33.391
"4050157700","103",속성변화점,"0",,126.376,33.474
"4050157800","101",원동교차로,"1",,126.377,33.397
"4050157900","101",원동교차로,"1",,126.379,33.400
"4050158000","101",원동교,"1",,126.379,33.400
"4050158100","101",소길리559-2,"0",,126.379,33.441
"4050158200","101",대동공업사,"0",,126.379,33.467
"4050158300","103",속성변화점,"0",,126.380,33.401
"4050158400","101",소길리1370,"0",,126.380,33.438
"4050158500","101",소길리종합복지회관,"0",,126.380,33.441
"4050158700","101",소길리1370,"0",,126.380,33.438
"4050158800","101",제주불교의식전수교육관,"1",,126.382,33.403
"4050158900","101",소길리1370,"0",,126.382,33.442
"4050159000","101",장전리1161-4,"0",,126.383,33.452
"4050159100","101",오돌또기,"1",,126.383,33.476
"4050159200","101",소길리산210-13,"1",,126.384,33.405
"4050159300","103",속성변화점,"0",,126.384,33.452
"4050159400","103",속성변화점,"0",,126.384,33.477
"4050159500","101",엄장로257,"0",,126.385,33.454
"4050159600","101",장전1교차로,"1",,126.385,33.453
"4050159700","101",스케쳐스,"0",,126.386,33.452
"4050159800","101",소길교차로,"0",,126.386,33.407
"4050159900","101",소길교차로,"0",,126.386,33.407
"4050160000","101",수봉요양원,"0",,126.386,33.452
"4050160100","101",소길교차로,"0",,126.387,33.406
"4050160200","101",소길교차로,"0",,126.388,33.407
"4050160300","104",구엄교서측,"0",,126.388,33.478
"4050160400","104",구엄교동측,"0",,126.388,33.478
"4050160500","103",속성변화점,"0",,126.388,33.451
"4050160600","101",구엄교차로,"1",,126.388,33.475
"4050160700","101",구엄교차로,"0",,126.388,33.478
"4050160800","101",장전교차로,"1",,126.390,33.453
"4050160900","101",수산리1316-1,"0",,126.390,33.457
"4050161000","104",수산교,"0",,126.391,33.458
"4050161100","104",수산교,"0",,126.391,33.459
"4050161200","101",장전리사거리,"0",,126.391,33.450
"4050161300","101",협동교,"0",,126.391,33.443
"4050161400","104",장전교,"0",,126.392,33.450
"4050161500","104",협동교,"0",,126.392,33.443
"4050161600","104",협동교,"0",,126.392,33.443
"4050161700","101",수산노인정,"0",,126.393,33.466
"4050161800","101",수산교차로,"0",,126.395,33.471
"4050161900","103",속성변화점,"0",,126.396,33.453
"4050162000","101",경마장교차로,"0",,126.396,33.413
"4050162100","104",경마장교서측,"0",,126.397,33.413
"4050162200","101",하귀서측입구,"0",,126.396,33.480
"4050162300","101",경마공원앞교차로,"0",,126.397,33.413
"4050162400","104",경마장교동측,"0",,126.397,33.413
"4050162500","101",거문덕이삼거리,"0",,126.398,33.431
"4050162600","101",유수암리2926,"0",,126.398,33.414
"4050162700","104",봉좌교서측,"0",,126.399,33.481
"4050162800","104",봉좌교동측,"0",,126.399,33.481
"4050162900","104",봉천2교,"0",,126.399,33.481
"4050165800","101",보로미마을회관,"0",,126.409,33.466
"4050165900","104",고성1교,"0",,126.410,33.466
"4050166000","103",속성변화점,"0",,126.410,33.457
"4050166100","101",고성리1305-7,"1",,126.410,33.458
"4050166200","104",고성1교,"0",,126.410,33.466
"4050166300","101",S-Oil,"0",,126.411,33.428
"4050166400","101",항파두리입구교차로,"0",,126.411,33.457
"4050166500","101",상귀리1577,"0",,126.411,33.455
"4050166600","101",하귀입구교차로,"1",,126.411,33.485
"4050166700","101",천제연축산유통,"0",,126.411,33.466
"4050166800","101",고성리1495,"0",,126.413,33.465
"4050166900","101",하귀1리585,"0",,126.413,33.483
"4050167000","101",하귀1리201-11,"0",,126.413,33.483
"4050167100","104",하귀교서측,"0",,126.414,33.487
"4050167200","104",하귀교동측,"0",,126.414,33.487
"4050167300","101",고성리1579,"0",,126.415,33.446
"4050167400","101",큰구릉내앞교차로,"1",,126.415,33.487
"4050167500","104",고성교서측,"0",,126.415,33.458
"4050167600","101",하귀1리562,"0",,126.415,33.482
"4050167700","104",고성교동측,"0",,126.415,33.458
"4050167800","101",고성리872-4,"0",,126.418,33.432
"4050167900","103",속성변화점,"0",,126.418,33.459
"4050168000","101",고성리산32-17,"0",,126.418,33.432
"4050168100","101",하귀1리교차로,"1",,126.418,33.472
"4050168200","101",제1유수암교,"1",,126.420,33.433
"4050168300","104",제1유수암교,"0",,126.420,33.434
"4050168400","104",제1유수암교,"0",,126.420,33.434
"4050171300","101",광령3교차로,"1",,126.435,33.446
"4050171400","101",광령3교차로,"0",,126.436,33.448
"4050171500","104",제5광령교,"0",,126.436,33.448
"4050171600","101",광령3교차로,"0",,126.437,33.447
"4050171700","101",제4광령교서측,"0",,126.439,33.452
"4050171800","101",제4광령교,"0",,126.439,33.451
"4050171900","103",속성변화점,"0",,126.439,33.461
"4050172000","104",제4광령교동측,"0",,126.440,33.451
"4050172100","102",제4광령교,"0",,126.440,33.451
"4050172200","101",고성리산161,"0",,126.440,33.414
"4050172300","101",광령리181-4,"1",,126.441,33.453
"4050172400","101",광령2교차로,"0",,126.442,33.456
"4050172500","104",제3광령교서측,"0",,126.442,33.456
"4050172600","104",제3광령교동측,"0",,126.442,33.456
"4050172700","101",광령2교차로,"1",,126.443,33.456
"4050172800","101",광령1교차로,"1",,126.444,33.461
"4050172900","104",무수천제2교서측,"0",,126.444,33.468
"4050173000","101",광명제2교차로,"0",,126.446,33.459
"4050173100","101",무수천사가로교차로,"1",,126.447,33.460
"4050173600","101",신촌진드르교차로,"0",,126.610,33.526
"4050173700","101",진드로교차로,"0",,126.614,33.528
"4050173800","101",신촌리2794-1,"1",,126.615,33.525
"4050174100","101",진드르교차로,"0",,126.616,33.530
"4050174200","101",신촌남길교차로,"1",,126.617,33.525
"4050174400","103",속성변화점,"0",,126.618,33.532
"4050174500","103",속성변화점,"0",,126.619,33.535
"4050174600","103",속성변화점,"0",,126.619,33.537
"4050174700","101",신촌초등학교,"0",,126.619,33.533
"4050175000","101",강원농협통합물류제주사업소,"0",,126.620,33.518
"4050175100","101",신촌리4005,"0",,126.620,33.534
"4050175300","103",속성변화점,"0",,126.621,33.534
"4050175400","101",신촌사거리,"1",,126.623,33.531
"4050175500","101",인수물교차로,"1",,126.624,33.526
"4050175600","101",신촌리935-3,"0",,126.628,33.519
"4050175700","101",새가름마을삼거리,"0",,126.628,33.505
"4050175800","103",속성변화점,"0",,126.632,33.535
"4050175900","101",사리탑교차로,"1",,126.635,33.528
"4050176000","101",신안동교차로,"0",,126.635,33.519
"4050176100","103",속성변화점,"0",,126.636,33.533
"4050176200","103",속성변화점,"0",,126.636,33.533
"4050176300","101",와흘리교차로,"0",,126.636,33.503
"4050176400","101",어느멋진날,"0",,126.636,33.535
"4050176500","103",속성변화점,"0",,126.636,33.534
"4050176600","102",오일뱅크회천,"0",,126.637,33.477
"4050176700","101",조천리2977-3,"0",,126.637,33.543
"4050176800","103",속성변화점,"0",,126.637,33.503
"4050176900","103",속성변화점,"0",,126.637,33.536
"4050177000","101",회천교차로,"1",,126.637,33.475
"4050177100","102",회천리조트,"0",,126.637,33.474
"4050177200","103",속성변화점,"0",,126.637,33.544
"4050177300","101",분선동산교차로,"0",,126.640,33.538
"4050177400","101",조천리사무소,"0",,126.640,33.538
"4050177500","101",조천리3462,"0",,126.641,33.539
"4050177600","101",조천사거리,"0",,126.642,33.535
"4050177700","101",조천사거리,"1",,126.642,33.535
"4050177800","101",통물식당,"0",,126.643,33.535
"4050177900","101",조천리3462,"0",,126.643,33.540
"4050178000","101",뱅듸왓교차로,"1",,126.645,33.528
"4050178200","101",와흘교차로,"1",,126.646,33.471
"4050178300","101",양천동앞교차로,"0",,126.646,33.518
"4050178400","101",조천리606-1,"0",,126.646,33.536
"4050179000","101",대흘리2345-5,"0",,126.651,33.499
